{
    "navigator": "Michael-Orun-Kap-Daveil",
    "machine_id": "789c8855c2544d238da2d12dd19d172f",
    "signature_88": 0.8888888888888888,
    "g0": 0.88888888888888889,
    "phi": 1.61803398874989485,
    "timestamp": 1770039529,
    "stars": 160,
    "nodes": 1280,
    "nozzles": 61440
}
